,0,1,2,3,4,5,6,7,8,9,10,11,12,13,14,15,16,17,18,19,20,21,22,23,24,25,26,27,28,29,30,31,32,33,34,35,36,37,38,39,40,41,42,43,44,45,46,47,48,49,50,51,52,53,54,55,56,57,58,59,60,61,62,63,64,65,66,67,68,69,70
0,-0.40642899931998294,0.3408053472166756,0.8321424341825832,0.33329620537846316,-0.21602184947195813,-0.4779869883827218,0.4932982963640939,0.05854208841849434,0.9061670353003619,0.037392499303378346,-0.7617480992386767,0.32136998635629604,0.44469252869691317,-0.2570731252961549,0.1398716172618527,0.07551983403501947,0.5905005260572379,0.06676158469041799,0.6464582907732876,0.5513864492183972,0.6565591359560656,0.34175790090787644,0.42046575982121503,0.39001416611413275,0.10848924072885596,0.8168109455666384,0.8965744947165424,-0.8690446421330902,-0.484791081344691,0.7143213464543693,-0.934333462641152,-0.5718178751680886,0.04357232196851113,-0.42776720079469877,0.3311077023633406,0.3820361510428778,0.7769545561131448,0.608764061018612,-0.6031401500991728,0.3398224974982364,-0.4458177263118694,0.13439523443396353,-0.2507407678891016,0.43764553172465476,0.0004461159403065064,-0.1087235029128132,0.7697922498536535,0.49494946687837144,0.26473846038502347,-0.18444241851797372,0.4262182559596513,0.2743759103879222,0.5193968486184274,0.13882038281889733,-0.40833291439995995,-0.3336232953242506,-0.03603205675873806,-0.6748501446470212,0.9770991892625326,0.1354217583050322,0.7128032993373061,-0.7291917528609719,-0.4150269368005663,0.09837812397658173,-0.07995358076540723,-0.07740015730210066,-0.13133651349749512,0.4874175809349514,0.5047161165327735,0.0835406827349427,0.20801193105506532
1,-0.40642899931998294,0.6031717824828368,0.80037246729679,0.7095848096857647,-0.1249667377526203,-0.48956481444683236,0.4935826846824345,-0.6063974341512567,0.9367447679521248,0.32532421394455624,-0.7574604818096955,0.4628723050329871,-0.7626975657221813,-0.36852552955902773,0.6433470788955314,0.07226265467354578,-0.4721371503503227,-0.8198273406390416,0.6424811820516887,0.5513864722177185,0.6925885907739653,0.3441279652859295,0.43577924798090056,0.6665167198931022,-0.049302811394927475,0.8674681392386512,0.8892892936323952,-0.8794088648852024,0.8584701492178173,0.6742127944418682,-0.9041008252210889,-0.5839392397658104,-0.03670100854745309,-0.4166892795196244,-0.11024064078471248,0.38293282400814344,-0.23815622974588485,0.6073098937473926,-0.6029537763862819,0.34719941596996073,-0.44550444794398336,0.08873063758771345,-0.25302121521303916,-0.7824077933392685,-0.002292731284894517,-0.3409653614072954,0.8107418717917686,0.500236650194063,-0.40709886999119416,-0.20825872318816357,0.41455154784453274,-0.9401079990850244,0.574547583065822,-0.21243327344083107,-0.4937165240114731,-0.15604614959477037,0.12185174998243443,-0.7068931419599811,0.9788903368383116,0.1346722263657604,-0.18236183045298357,-0.757500221282765,-0.41665157796145197,0.09668561641232375,-0.0841022523130886,0.15821771411806618,-0.11081126120073906,0.49547399602775416,0.5099632884853129,0.07875071488861977,0.3506433488845451
2,0.554735442677242,0.6320384663311348,0.8321363800421394,0.6825877488485522,-0.7697617924988941,-0.4884745675106791,0.4933125875001137,-0.6063974341512567,-0.3201498534193249,0.09884441958878425,-0.7586138075371281,0.32446456431132775,0.1586067196966405,-0.23599736895980714,0.534036309699066,0.2279267143842784,-0.4273503236924935,-0.4775349270591552,0.6464582907732876,0.5429877355170925,0.6922462886750438,0.33998375860554453,0.05225679597687072,0.44006813764764746,-0.0751633824347721,0.8115886277315248,0.8848531620602474,-0.8688858668106686,-0.4800275744765017,0.7143079597930401,-0.8412746092617209,-0.5382567624741839,0.8901203050070235,-0.46040516219553074,0.3311077023633406,0.3832408888281863,-0.23724559505646547,0.3748671682238643,-0.7722807448864792,0.347018024347707,-0.4608204855545882,0.09036315073104506,-0.25302121521303916,0.4107856734473391,-0.006127308976573719,-0.16287113573515408,-0.3739709518469207,0.5035526138077351,-0.3813050720540571,-0.1450485530824508,0.4162268576553088,0.2864998790139964,0.6549738262861866,-0.21268953158319265,-0.4853322592510531,-0.14839335107681711,0.11783282147385281,-0.7053111395202086,0.978091212357133,0.7418937359168774,0.6556766104746061,-0.7700101126578199,-0.41845742276291287,0.09424240966036262,-0.061288117645157666,-0.07806882166134477,-0.13115275790842146,0.4822400810211514,0.4875476577712905,0.07884116433012055,0.3736567868320138
3,-0.40642899931998294,0.43718161060473903,0.027859150787027942,0.7095848096857647,-0.1249667377526203,-0.48956481444683236,0.48015492137695376,-0.6063974341512567,0.9367447679521248,0.007157172155868752,-0.4875384580985017,0.4628723050329871,-0.808416106953115,-0.36852552955902773,0.6755556032607118,0.07226265467354578,-0.4509135281380926,-0.8202655478075174,0.6464582907732876,0.551322373385207,0.6925885907739653,0.3441435172498399,0.7461409420509757,0.6665167198931022,-0.04896712453073505,0.8165413364656623,0.8930711280262467,-0.92170873596455,0.8315213360259441,0.7100352959027313,-0.2812886061801145,-0.6927541804684996,0.08931544910208866,-0.4375150637224509,-0.11024064078471248,0.38293282400814344,-0.23765079440982098,0.6073098937473926,-0.6029537763862819,0.34719941596996073,-0.44550444794398336,0.08873666401952372,-0.25302121521303916,-0.7824077933392685,-0.002292731284894517,-0.3325153903988574,0.7721601357480589,0.5030728637949089,0.22613494083723812,-0.21957693018854021,0.5277189633462704,-0.9605053976487861,0.574547583065822,0.13886626863330673,-0.4081609678284823,-0.7569595107034157,-0.007022378366334646,-0.9362825835378557,0.9793542906456403,0.08088769998215012,-0.35273021928316883,-0.7292018654121064,-0.41665157796145197,0.2538202213707591,-0.0841022523130886,0.17577963631142554,-0.1310485030500349,0.5682274725660013,0.5107086474119902,0.07820718170088138,0.3476550149171818
4,-0.40642899931998294,0.43718161060473903,0.013633939307102412,0.7080096253627283,-0.1249667377526203,-0.4866366715808698,0.48015492137695376,-0.6063974341512567,0.9367447679521248,0.016853271441500284,-0.4901900308239822,0.4628723050329871,-0.8148305230334771,-0.22932476127490103,0.6731770573283099,0.07226265467354578,-0.45168220589489616,-0.8206985804669279,0.6464582907732876,0.49928091428205057,0.6925885907739653,0.3438019895160189,0.7365500930942255,0.3383288614528799,-0.04896712453073505,0.8165413364656623,0.869509527908017,-0.8759634269528407,0.9950077234288566,0.7150166596053298,-0.12294470495596543,-0.6927541804684996,-0.044427393177987114,-0.43753423029951477,0.3192792313753797,0.38293282400814344,-0.23789107465147652,0.6072770344249201,-0.6029537763862819,0.34719941596996073,-0.44550426946872534,0.08873666401952372,-0.25302121521303916,-0.8100044510967407,-0.002292731284894517,-0.09758979646647728,0.7640686654595343,0.5030806035681674,0.30498997597885164,-0.21957690744577552,0.5287934099460518,-0.9215541902074651,0.574547583065822,0.13285269074368264,-0.4081609678284823,-0.7569595107034157,0.12682970281290604,-0.707170620439159,0.9776903456118887,0.1346009858265685,-0.35273021928316883,-0.7292018654121064,-0.41657501644842126,0.2545326113956779,-0.0841022523130886,0.17577963631142554,-0.1310485030500349,0.48706626506134004,0.5107086474119902,0.07861693254206192,0.3476550149171818
5,-0.4071824223330345,0.33844459507418856,0.02758515693022951,0.6446314703828426,-0.7721957304011191,-0.15792543384211646,0.44229094090684107,-0.6085502712310267,0.937467116600099,-0.11044079481488508,-0.033169066685177134,0.32093526030136255,0.4119503720547608,-0.1696354056422187,0.48058090567478795,-0.2618584305442716,-0.4522718760380816,0.17898294752683935,0.6256196648665576,0.5408480488009977,0.6925203579704944,0.3686560446806164,0.5001968655980423,0.43827154235442567,-0.07706321791144453,0.8743548296192384,0.8685097309947215,-0.6946862924463667,0.938699878165383,0.6118519718421123,0.8473194256483703,0.8146079262030341,0.1833172285692798,-0.14672563908221684,0.319283641421819,0.428994934469926,-0.23701815503195228,0.6099536208477533,-0.602738854337031,0.3471996369529102,0.7571539302704495,0.12230077347784556,0.9999930060801849,-0.8300516384269373,-0.0015210221781975495,-0.11634855236308013,0.7634074512898156,0.5029340067164959,0.30037012281495995,-0.14849514716072088,0.423296398744746,0.3018330292324415,0.5751269607599644,0.14135085811873707,-0.41437562284326657,-0.15815877413428134,-0.006242119594617268,-0.936006897618889,0.9791956195274805,0.1363388090981043,0.6637429451720462,-0.7365112120669894,-0.4159565255357785,-0.28118489742729336,-0.08028204328660353,-0.07096363700585497,-0.1308439183509615,0.49101449892245685,0.5027093561528243,0.07864073782193232,0.20981388772573378
6,0.6189877679846792,0.6285850053850186,0.7882631189117248,0.6825877488485522,-0.13494584608689442,-0.4865245246514321,0.49247705126278374,-0.6063974341512567,-0.3342120591268087,0.09783338438108108,-0.7586138075371281,0.32172169437057907,-0.8169404052361122,-0.22900512405774515,-0.19413703607547625,0.07226265467354578,0.5133364212374797,-0.5043071899680139,0.6464582907732876,0.5430422786332152,0.6925876852461003,0.341777772869729,0.4495678605011634,0.4411946940164125,-0.04468089561477056,0.8690099965707317,0.819456949793141,-0.8759850516936053,0.9994858276075774,0.7150167464360143,-0.8970035811407886,-0.5718178751680886,0.8901203050070235,-0.43909873973896985,0.3311077023633406,0.3728194029387813,-0.19862812273623442,0.6062661826085138,-0.6028110512312546,0.35556074302755414,-0.4607350388085043,0.09036113292715549,-0.25302121521303916,-0.8185313303376165,-0.0015771569363526316,-0.10872729457412295,-0.3739709518469207,0.5035526138077351,0.297875908694358,-0.21903336665723316,0.406946266103027,-0.9011213263753116,0.6579999294172454,-0.21268953158319265,-0.4880930082312518,-0.15377080109609337,0.11783282147385281,-0.7077575632584487,0.9778869988708819,0.136876116124304,0.6529835562803669,-0.7551342141171196,-0.4165805766628511,0.25677227456866836,-0.0801138448701371,-0.0772658208616849,-0.13105429761394793,0.4821966702389813,0.5099558040954294,0.07858859040882522,0.34761780147422716
7,-0.4063825055770878,0.6599191769385996,0.0396927811045739,0.3313963019302103,-0.7696895611341098,-0.4673075242377661,0.4381092722042468,-0.6063974341512567,0.9538064777763539,-0.0037612365319150964,0.028199522364051932,0.3204001852405369,0.19511807653904828,-0.23626979172482226,0.1879916488745465,0.5894604048171718,-0.455389967692193,-0.8188704699975827,-0.7980434162880814,0.5882943798147736,0.6889856968693779,0.34343903952169474,0.43823290371925694,0.442110695549767,-0.05515581638662559,0.8170533641782316,0.8969264839222677,-0.8756990923274254,-0.6201178222901648,0.7037552708274365,-0.8678769635164658,0.6335560057489109,0.04627225560804199,-0.4261899566468791,0.3314930530832545,0.38520688940206926,-0.23825720197636782,0.6094687894489287,-0.5993646446343672,0.3376117306842595,-0.44987774439982925,0.0876290337287734,0.9051093594267707,-0.6552299651998716,0.1001842086022288,-0.11008667140015128,0.44609231738365096,0.5048948843852953,-0.3875534014635219,-0.20780983891759316,0.3936439100783456,-0.21172030716140178,0.5946787771083252,-0.21377418425628675,-0.4873777090867785,-0.18361641668560835,-0.009287749775199824,-0.6882526601878166,0.9794851900304522,0.7256317024420047,0.6530807620390651,-0.785395138703544,-0.4298195626596722,0.09437475777673326,-0.08669483383580491,0.13626079146591946,-0.10949990495990639,0.48684034305683505,0.5046847950297932,0.0785834720014708,0.25733588103373695
8,-0.40642899931998294,0.4168711954325572,0.8321424341825832,0.33329620537846316,-0.21602184947195813,-0.4779869883827218,0.4932982963640939,0.05854208841849434,0.9061670353003619,0.037392499303378346,-0.7617480992386767,0.32136998635629604,0.44469252869691317,-0.2570731252961549,0.1398716172618527,0.07551983403501947,0.5905005260572379,0.06676158469041799,0.6464582907732876,0.5513864492183972,0.6565591359560656,0.34175790090787644,0.42046575982121503,0.39001416611413275,0.10848924072885596,0.8168109455666384,0.8965744947165424,-0.8690446421330902,-0.484791081344691,0.7143213464543693,-0.934333462641152,-0.5718178751680886,0.04357232196851113,-0.42776720079469877,0.3311077023633406,0.3820361510428778,0.7769545561131448,0.608764061018612,-0.6031401500991728,0.3398224974982364,-0.4458177263118694,0.13439523443396353,-0.2507407678891016,0.43764553172465476,0.0004461159403065064,-0.1087235029128132,0.7697922498536535,0.49494946687837144,0.26473846038502347,-0.18444241851797372,0.4262182559596513,0.2743759103879222,0.5193968486184274,0.13882038281889733,-0.40833291439995995,-0.3336232953242506,-0.03603205675873806,-0.6748501446470212,0.9770991892625326,0.1354217583050322,0.7128032993373061,-0.7291917528609719,-0.4150269368005663,0.09837812397658173,-0.07995358076540723,-0.07740015730210066,-0.13133651349749512,0.4874175809349514,0.5047161165327735,0.0835406827349427,0.20801193105506532
9,-0.4112287518553236,0.3311573816433377,0.05009325039737078,0.7094490885777163,-0.7674312209331783,-0.48848490295459784,0.4933891239844125,-0.013898390046808706,-0.3272265498094235,0.3059527081752864,-0.7432887284258864,0.3322324346419938,-0.8737276204751345,-0.2577697298106345,0.6384541966883048,0.07219182539086191,0.5464907640650297,-0.8397759585967782,0.6345612249989562,0.5012665595766397,0.6889500597943508,0.34354107111275267,0.5236218858250423,0.4419361424923332,0.10124838398002356,0.8703297402461007,0.8704813379988988,-0.4763325349057582,-0.6201178222901648,0.7031907815074178,-0.9433203973850945,-0.7031417689380883,0.10396224883305294,-0.16764665441536242,0.3312807637903063,0.37287131390948475,-0.23765079440982098,0.6091923283421286,-0.7642138862055458,0.3480981632724168,-0.44970527132547544,0.08700660295767752,-0.25493792722527014,0.3744536639694612,0.1001842086022288,-0.10456129574786861,0.7940553659751528,0.5099741855883587,-0.4296633811056474,-0.1791160465394013,0.3936508964920781,-0.2377211691873297,0.6549737913942023,-0.21377418425628675,-0.4887689581864394,-0.15390541756218182,-0.011476339874392269,-0.7020468640064034,0.979262016806065,0.7254593447773539,0.6914900023571701,-0.7375473710522699,-0.36196226919733376,0.09592809204550042,-0.08130648830023647,0.13626079146591946,-0.10951116489688056,0.5055364614148786,0.5092950521764332,0.07828242998823613,0.3475853923859627
10,0.554735442677242,0.339534878855256,0.028045615929808282,0.6817265028032399,-0.7933032749728677,-0.4885343441790474,0.49245671058001284,-0.6063974341512567,0.926488081281926,-0.11189069949331545,-0.4986889226930076,0.31571797701096066,-0.8850273547660394,-0.2541519873678486,0.14877275869914167,0.07158361280523667,-0.42872603547166926,0.19360426285309676,-0.16698847515116547,0.5467492971537805,0.6930193918823646,0.3433129780957286,0.07910774201981269,0.4411341427931223,0.09662855300307263,0.8118003296031298,0.8969959144564744,-0.8785508102280523,-0.49179285338661977,0.7143079597930401,-0.9154886893145797,0.6077396301685641,0.025216710190114556,-0.46469273353834634,0.3313841402667748,0.38323925585270385,-0.26441006521734906,0.5851922018776556,-0.5713842743058951,0.355856821191962,-0.4493916739315769,0.1461150294072832,-0.25302121521303916,-0.8421071977416108,-0.021154589279318486,0.07754244849245376,0.3579633562477611,0.7080504794342758,0.18723239650236959,-0.2094077168688774,0.4224635987017043,0.2855443346620169,0.6054717867038689,-0.22391923494060628,-0.4880930082312518,-0.15697301068339456,0.2359736571704495,-0.9577971158481716,0.978293853056813,0.7327095371548948,0.4015339532422495,-0.7288657936605542,-0.4177783925606255,0.09436432864454038,-0.06705671797885003,-0.09043633888393884,-0.10807333918862984,0.5101816823454097,0.5091391620506669,0.0832696620252131,0.21900590835436556
11,-0.4071824223330345,0.33844459507418856,0.02758515693022951,0.6446314703828426,-0.8265502523197497,-0.15792543384211646,0.44229094090684107,-0.6085502712310267,0.937467116600099,-0.11044079481488508,-0.033169066685177134,0.32093526030136255,0.4119503720547608,-0.1696354056422187,0.48058090567478795,-0.2618584305442716,-0.4522718760380816,0.17898294752683935,0.6256196648665576,0.5408480488009977,0.6925203579704944,0.3686560446806164,0.5001968655980423,0.43827154235442567,-0.07706321791144453,0.8743548296192384,0.8685097309947215,-0.6946862924463667,0.938699878165383,0.6118519718421123,0.8473194256483703,0.8146079262030341,0.1833172285692798,-0.14672563908221684,0.319283641421819,0.428994934469926,-0.23701815503195228,0.6099536208477533,-0.602738854337031,0.3471996369529102,0.7571539302704495,0.12230077347784556,0.9999930060801849,-0.8300516384269373,-0.0015210221781975495,-0.11634855236308013,0.7634074512898156,0.5029340067164959,0.30037012281495995,-0.14849514716072088,0.423296398744746,0.3018330292324415,0.5751269607599644,0.14135085811873707,-0.41437562284326657,-0.15815877413428134,-0.006242119594617268,-0.936006897618889,0.9791956195274805,0.1363388090981043,0.6637429451720462,-0.7365112120669894,-0.4159565255357785,-0.28118489742729336,-0.08028204328660353,-0.07096363700585497,-0.1308439183509615,0.49101449892245685,0.5027093561528243,0.07864073782193232,0.20981388772573378
12,-0.4112287518553236,0.3311573816433377,0.05009325039737078,0.7094490885777163,-0.7696856662644079,-0.48848490295459784,0.49339059629581666,0.0013423061067472375,-0.32709281534043655,0.3059527081752864,-0.7432887284258864,0.3322324346419938,0.2428035801732773,-0.2577697298106345,0.6384541966883048,0.07226265467354578,0.5464907640650297,-0.8374376504462198,-0.8617282978217988,0.5126253290934902,0.6889856968693779,0.34343903952169474,0.7698363143503992,0.5339183310333004,0.10124838398002356,0.8703297402461007,0.8704813379988988,-0.8783343615178228,-0.6201178222901648,0.7037552708274365,-0.9324046724994652,-0.7031417689380883,0.10396224883305294,-0.16764665441536242,0.3312867023123195,0.37299632835527885,-0.23765079440982098,0.609192287488944,-0.7642138862055458,0.3480981632724168,-0.4498630863068931,0.08700660295767752,-0.22191187264021983,0.3744536639694612,0.1001842086022288,-0.10434121310735527,0.7940553659751528,0.5099741855883587,-0.3807537887470369,-0.18292479211066515,0.3936508964920781,-0.2377211691873297,0.6549737913942023,-0.21377418425628675,-0.48815144087414286,-0.15007233692214572,-0.011476339874392269,-0.7020468640064034,0.9793542906456403,0.7254593447773539,0.6914900023571701,-0.73753008982442,-0.36196226919733376,0.09592809204550042,-0.08667095408458889,0.13626079146591946,-0.10951116489688056,0.5095620744208286,0.5093283776475104,0.07830650391429508,0.3475853923859627
13,-0.41673561602457887,0.6320384663311348,0.8319086739054061,0.6825821322128188,-0.769761769246175,-0.48958206319523645,0.4933125875001137,-0.6063974341512567,-0.3201498534193249,0.09875135357493543,-0.7580278342040421,0.32446456431132775,0.1586067196966405,-0.2367985755117655,0.534036309699066,0.09064879739163337,-0.4273503236924935,-0.9811180126594492,0.6464582907732876,0.5429877355170925,0.6922759458203244,0.34017329104185584,0.05225679597687072,0.44006813764764746,-0.0751633824347721,0.8169746639465063,0.8848531620602474,-0.8688858668106686,-0.4800275744765017,0.7143331243754972,-0.8412746092617209,-0.5382567624741839,0.14528327741095404,-0.45596163016491253,0.3311077023633406,0.3827267123275736,-0.23724559505646547,0.3748671682238643,-0.7603084807134739,0.347018024347707,-0.4604916406087786,0.09036315073104506,-0.24833374613913028,0.4363369158733706,-0.006129747052203547,-0.16287113573515408,-0.45949437838012974,0.5035526138077351,-0.3576363221234522,-0.1895241364613848,0.4162268576553088,0.2874489914715612,0.6549738262861866,-0.21268953158319265,-0.4853419785738622,-0.14839335107681711,-0.03386368236109387,-0.7045963445402099,0.977066632479436,0.7418937359168774,0.6556406422981189,-0.7700101126578199,-0.41845742276291287,0.09423535678072129,-0.08626595148056262,-0.06978142632041033,-0.1311904953350363,0.4862235130696697,0.5143024910202301,0.0788410722908847,0.3736567868320138
14,-0.4063857650451269,0.6599191769385996,0.8173500714989861,0.7292284770624827,-0.06170779853861197,-0.48847585947351874,0.4381092722042468,-0.606297053514778,-0.22185434187451447,0.017923594723930875,-0.5009279628890083,0.3070708760331788,-0.8305887858134033,-0.37014551078946856,0.1596105360569992,0.08310963800869312,-0.4510416959654912,-0.8372721544451539,0.6464582907732876,-0.3404299773332454,0.6928356955882443,0.34327934352076295,0.4576839760376145,0.432514617123702,-0.048864028947961144,0.8178136382571336,0.8970678265391592,-0.8781371251032474,0.8942283751263218,0.7039972895459553,-0.032225862348661705,0.6185871282221634,0.02570929364172786,-0.47399288728336686,-0.12455092244933758,0.43226539570880895,-0.16432822225696236,0.609192287488944,-0.5716337019623817,0.39662026330152106,-0.4498630863068931,0.08767146080273516,-0.25302121521303916,-0.776357663600876,0.1001842086022288,0.07057011831727054,0.3691872735858953,0.509881234538448,0.21540540301029446,-0.18442135071728033,0.5278344041922989,0.3909679680104982,0.6062424543228211,-0.21377418425628675,-0.48875861133279547,-0.1843637242907323,-0.011160302066870393,-0.9570478024229198,0.9939411905389911,0.6892703941851204,0.6530828729565612,-0.785395138703544,-0.40017874737869547,0.0943676481338715,-0.08667095408458889,0.13485867199089974,-0.10944650958908564,0.4869417000782163,0.5091728755744807,0.07821116953132067,0.3430040962347941
15,-0.40053497465562554,0.6599191769385996,0.8173500714989861,0.7292284770624827,-0.06170779853861197,-0.48845040334555195,0.4381092722042468,-0.606297053514778,-0.22250760691491692,0.10540782013608294,-0.4816090026586064,0.3070708760331788,-0.8305887858134033,-0.37014551078946856,0.46807216332380397,0.08310963800869312,-0.4510416959654912,-0.8372721544451539,0.6464582907732876,-0.3404299773332454,0.6928356955882443,0.34327934352076295,0.4576839760376145,0.432514617123702,-0.04905947108829001,0.8060611728083261,0.8970678265391592,-0.8779675359246742,0.8942283751263218,0.714234208057285,-0.032225862348661705,0.6189893577081379,0.05060406189335204,-0.41577833289516797,-0.12455092244933758,0.43035571717554566,-0.16432822225696236,0.6090927713962981,-0.5716337019623817,0.39662026330152106,-0.4498337002395747,0.08767146080273516,-0.25302121521303916,-0.776357663600876,-0.012550077440201944,0.07057011831727054,0.3691872735858953,0.509881234538448,0.2158363397619537,-0.18442135071728033,0.5256420269882217,0.3909679680104982,0.6650255009281945,-0.21377418425628675,-0.48875861133279547,-0.1843637242907323,-0.011160302066870393,-0.6737980173534824,0.9939411905389911,0.6892703941851204,0.653204915564883,-0.7849065685099058,-0.4159620945248524,0.09443429876885422,-0.08667095408458889,0.13485867199089974,-0.10944650958908564,0.4869417000782163,0.5091728755744807,0.07821116953132067,0.34212250781213394
16,-0.4071824223330345,0.33844459507418856,0.05358409984856817,0.6446314703828426,-0.8265502523197497,-0.15792543384211646,0.4416179090024799,-0.606314907209591,0.9315413464936988,-0.09652708543027648,-0.033169066685177134,0.32093526030136255,0.39166056755834,-0.1696354056422187,0.48058090567478795,0.5846705969498109,-0.4522718760380816,0.17898294752683935,0.6256196648665576,0.5408480488009977,0.6932516687181055,0.3415230297328772,0.5001968655980423,0.44214026290404973,-0.0526990060870942,0.8721069238592459,0.8685084724357565,-0.7017763196443652,0.938699878165383,0.6118519718421123,0.9157523103662633,0.8146079262030341,0.1833172285692798,-0.14672563908221684,0.32953747600686495,0.428994934469926,-0.23701815503195228,0.6099571295293398,-0.604420377251116,0.3388419079856099,0.7571539302704495,0.12230077347784556,0.9999930060801849,-0.8514788778730088,-0.0015210221781975495,-0.11634855236308013,0.7634074512898156,0.5030137629189171,0.27487757942824365,-0.1491446104998492,0.4235167399526283,0.345880860239901,0.5931077967018725,0.13236337835037837,-0.41437562284326657,-0.15815877413428134,-0.006242119594617268,-0.936006897618889,0.9791956195274805,0.1363388090981043,0.6616045036223934,-0.7365112120669894,-0.4159565255357785,-0.28118489742729336,-0.08680761344905356,-0.07096363700585497,-0.13160732686153168,0.4868156028156973,0.5027093561528243,0.07864073782193232,0.20981388772573378
17,-0.41673561602457887,0.6320384663311348,0.8319086739054061,0.6824967248051429,-0.769761769246175,-0.4895742713595271,0.4933125875001137,-0.6063974341512567,-0.23749394851312078,0.09875135357493543,-0.7582269977398263,0.3227768565327953,-0.8880651272223777,-0.25434645896593194,0.534036309699066,0.09064879739163337,-0.4273503236924935,-0.9928663938808222,0.6464582907732876,0.5465586894703405,0.6922759458203244,0.3403169344424739,0.08055289326612562,0.44006813764764746,-0.0751633824347721,0.8118080878050234,0.8848531620602474,-0.8790865031819415,-0.4800275744765017,0.7143357878879529,-0.9416328796001225,-0.5382567624741839,0.07197731853566335,-0.45596163016491253,0.3311077023633406,0.3827121778409714,-0.2645553971576206,0.3745777665422395,-0.7603084807134739,0.347018024347707,-0.4604916406087786,0.09036315073104506,-0.25296468676453976,0.4363369158733706,-0.021260915543411408,-0.1186501395304366,-0.45949437838012974,0.4867993218418083,-0.35179360028962736,-0.19011067186383881,0.4162268576553088,0.2874489914715612,0.6549738262861866,-0.21268953158319265,-0.4852774329064679,-0.14839335107681711,-0.03386368236109387,-0.7045963445402099,0.9783004544791526,0.7418937359168774,0.6556406422981189,-0.7700101126578199,-0.41845742276291287,0.0942400107392927,-0.08626595148056262,-0.06978142632041033,-0.10867099527890013,0.4862235130696697,0.5143024910202301,0.08358758500323998,0.3736567868320138
18,0.554735442677242,0.6320384663311348,0.8321363800421394,0.6825877488485522,-0.7697617924988941,-0.4884745675106791,0.4924921540101104,-0.6063974341512567,-0.3201498534193249,0.09884441958878425,-0.7586138075371281,0.32446456431132775,0.1588683010259464,-0.23600519437701775,0.534036309699066,0.2279267143842784,-0.4273503236924935,-0.4775349270591552,0.6464582907732876,0.5913883028493705,0.6922462886750438,0.341805227987412,0.05225679597687072,0.44006813764764746,-0.07588596751698198,0.8115886277315248,0.8848531620602474,-0.8688858668106686,-0.4800275744765017,0.7143079597930401,-0.896453876257842,-0.5382567624741839,0.8901203050070235,-0.46040516219553074,0.3311077023633406,0.3832408888281863,-0.23724579972691,0.3748671682238643,-0.7722807448864792,0.347018024347707,-0.4608204855545882,0.09036315073104506,-0.25302121521303916,0.4107856734473391,-0.006143096864719935,-0.16520671473819504,-0.3739709518469207,0.5035526138077351,-0.3813050720540571,-0.1450485530824508,0.4162268576553088,0.286616665007134,0.6549738262861866,-0.21268953158319265,-0.4853322592510531,-0.14839335107681711,0.11783282147385281,-0.7053111395202086,0.978091212357133,0.7418937359168774,0.6556766104746061,-0.7702670751247608,-0.416512597867856,0.09424241677349729,-0.061288117645157666,-0.07807220218185049,-0.13115275790842146,0.4822400810211514,0.48727105673829296,0.07884116433012055,0.350643225085048
19,-0.4071824223330345,0.33844459507418856,0.02758515693022951,0.6446314703828426,-0.8265502523197497,-0.15792543384211646,0.44229094090684107,-0.6084682313121409,0.937467116600099,-0.11044079481488508,-0.033169066685177134,0.32093526030136255,0.41189329646832595,-0.1696354056422187,0.48058090567478795,-0.2618584305442716,-0.4522718760380816,0.17898294752683935,0.6256196648665576,0.5408480488009977,0.6925203579704944,0.36738062568293856,0.5001968655980423,0.43827154235442567,-0.07706321791144453,0.8742389036136383,0.8685097309947215,-0.6946394790025909,0.938699878165383,0.6118519718421123,0.8473194256483703,0.8146079262030341,0.1833172285692798,-0.14672563908221684,0.319283641421819,0.428994934469926,-0.23701815503195228,0.6099536208477533,-0.6044421051798878,0.33898148804372014,0.7571539302704495,0.12230077347784556,0.9999930060801849,-0.832370092374413,-0.0015210221781975495,-0.11634855236308013,0.7634074512898156,0.5029340067164959,0.3004094598262124,-0.14912652833366621,0.4233089207196391,0.35086518087550417,0.5751269607599644,0.13278248713612734,-0.41437562284326657,-0.15815877413428134,-0.006242119594617268,-0.936006897618889,0.9791956195274805,0.1363388090981043,0.6637514367103406,-0.7365112120669894,-0.4159565255357785,-0.28118489742729336,-0.08026785447155085,-0.07096363700585497,-0.13081414414271017,0.49101449892245685,0.5027093561528243,0.07864073782193232,0.20981388772573378
20,-0.4063986433839484,0.3311573816433377,0.05009325039737078,0.7094490885777163,-0.7696856662644079,-0.48848490295459784,0.49339059629581666,0.0013423061067472375,-0.32709281534043655,0.3059527081752864,-0.7432887284258864,0.47190980091590873,0.2428035801732773,-0.2580338714127727,0.6358664497688494,0.07226265467354578,-0.48430331399424636,-0.8374376504462198,-0.8388544536277118,-0.21381244837722563,0.6889856968693779,0.3433634184329627,0.7514688205746656,0.4419361424923332,0.10048032055200187,0.8703297402461007,0.8916006039021281,-0.8783343615178228,-0.8038290141354546,0.7037552708274365,-0.9324046724994652,0.6593208016820328,0.10402065413312074,-0.16764665441536242,0.3312867023123195,0.38122186761275395,-0.23765079440982098,0.609192287488944,-0.7553387325993065,0.3480981632724168,-0.4498630863068931,0.08766583103970695,-0.22132666608461618,0.3744536639694612,0.1001842086022288,-0.10434121310735527,-0.37319929166334787,0.5099741855883587,-0.3807537887470369,-0.18292479211066515,0.3936508964920781,-0.2377211691873297,0.6549737913942023,-0.21377418425628675,-0.4881514365538255,-0.1538587746137444,-0.011194138277423516,-0.7020468640064034,0.9793542906456403,0.7256364465559447,0.6914900023571701,-0.73753008982442,-0.36196226919733376,0.09431402360493397,-0.08667095408458889,0.13626079146591946,-0.10951392103566529,0.5095620744208286,0.5093283776475104,0.07922117948638266,0.3475853923859627
21,-0.3845276534298503,-0.9748233928978979,0.03414596794728386,0.7088975674732663,-0.7945148074411569,0.6564077619949442,0.49702013237358433,0.9193865252095588,-0.32730738170368084,0.3204852957142207,-0.7626643936732975,0.35366109912447574,0.42355262593567133,-0.8101887296272929,0.2123299225914716,0.03921494900546438,-0.4831997864308979,-0.7497775584821358,-0.752273569851755,0.6460569276771626,0.5468370836992038,0.36722456446841956,0.4416339391612169,0.4411852060699232,-0.04776072593523249,0.8035467119207083,-0.8785546290179463,-0.2565400713727055,-0.6824937138039849,-0.4776939274467707,-0.9378427573690116,-0.179234572525222,0.01148837771004008,-0.4163193799842847,-0.10056764204600775,0.37442316128600917,-0.19321163809110226,0.6094763046286453,-0.589091951128317,0.3469840483794455,0.8490052128831265,-0.15564152998322223,-0.38831745526449013,0.42609496296949206,-0.18181432868421726,-0.16023784509052916,-0.41816534793739285,0.7450918500958075,-0.40437630572538297,-0.20800347729061208,0.1495149311949364,-0.2091130279201716,0.5946201859237028,-0.20268779990282598,-0.48839949544340217,0.0900738106723628,0.12600032516195211,-0.9668358069566544,-0.7502480722585042,0.07634427470167826,-0.2817580468694998,0.8363211660239348,-0.7198328484966691,-0.26097471747753687,-0.3102332593661604,-0.07785217992157008,-0.13155340207432104,0.6486302055694705,0.938505493455192,0.08392030715783824,0.19978568732286445
22,0.554735442677242,0.6320384663311348,0.8321363800421394,0.6825877488485522,-0.7697617924988941,-0.4884745675106791,0.4924921540101104,-0.6063974341512567,-0.3201498534193249,0.09884441958878425,-0.7586138075371281,0.32446456431132775,0.1588683010259464,-0.23600519437701775,0.534036309699066,0.2279267143842784,-0.4273503236924935,-0.4775349270591552,0.6464582907732876,0.5913883028493705,0.6922462886750438,0.341805227987412,0.05225679597687072,0.44006813764764746,-0.07588596751698198,0.8115886277315248,0.8848531620602474,-0.8688858668106686,-0.4800275744765017,0.7143079597930401,-0.896453876257842,-0.5382567624741839,0.8901203050070235,-0.46040516219553074,0.3311077023633406,0.3832408888281863,-0.23724579972691,0.3748671682238643,-0.7722807448864792,0.347018024347707,-0.4608204855545882,0.09036315073104506,-0.25302121521303916,0.4107856734473391,-0.006143096864719935,-0.16520671473819504,-0.3739709518469207,0.5035526138077351,-0.3813050720540571,-0.1450485530824508,0.4162268576553088,0.286616665007134,0.6549738262861866,-0.21268953158319265,-0.4853322592510531,-0.14839335107681711,0.11783282147385281,-0.7053111395202086,0.978091212357133,0.7418937359168774,0.6556766104746061,-0.7702670751247608,-0.416512597867856,0.09424241677349729,-0.061288117645157666,-0.07807220218185049,-0.13115275790842146,0.4822400810211514,0.48727105673829296,0.07884116433012055,0.3482423992702755
23,-0.42505623054740227,0.337078891676483,0.039794383427261965,0.22019781076964057,-0.7711332387196004,-0.467904754175841,0.4934358980455311,0.005565837582048594,0.9231970278079137,0.003857707291651944,-0.4728108120670445,0.33199132314304536,-0.8579065262530332,-0.2540480313087319,0.641723256235671,0.07016274927634264,0.6036970541953854,0.17549377737754196,-0.8587320136228895,0.5468573420509841,0.6574008878793764,0.4057124405941013,0.763840723064996,0.3575530117266045,0.0990876439649288,0.8693971102946273,0.8886619542049571,-0.8756832400123724,-0.6581337246643478,-0.43899000550917877,-0.34638237011074974,-0.6940565331739965,0.04113990511857561,-0.42512813086745216,0.37333995099958045,0.38293723325685064,0.6563974798288783,0.595964597158574,-0.5913948463697506,0.33693727968673887,-0.4378176176632143,0.08998384426054495,0.8866196319288405,-0.6951040090204301,-0.01711618526134235,-0.1038896883131597,0.35483329086490556,0.49711375734019736,0.1828675375538389,-0.20704470093695929,0.42313185122051034,-0.9254514053252185,0.6557953135370275,-0.233428558515867,-0.4818333048116633,-0.7779823046203257,-0.009252627628200267,-0.7030116256930681,0.9769919236584764,0.7117431449185622,-0.35873397097262455,-0.7290307457237186,-0.3558456720464469,0.09739933235363091,-0.08603444487332627,-0.07094355261376038,-0.10805118071055513,0.5102007868677451,0.5091791197444452,0.0835400035610845,0.20598388323444805
24,0.6189877679846792,0.6285850053850186,0.7882631189117248,0.6825877488485522,-0.13494584608689442,-0.4865245246514321,0.49247705126278374,-0.6063974341512567,-0.35201147989527687,0.09783338438108108,-0.7586138075371281,0.32172169437057907,-0.8169404052361122,-0.22900512405774515,-0.19413703607547625,0.07226265467354578,0.5133364212374797,-0.5043071899680139,0.6464582907732876,0.5430422786332152,0.6925876852461003,0.341777772869729,0.4495678605011634,0.4411946940164125,-0.04468089561477056,0.8690099965707317,0.819456949793141,-0.8759850516936053,0.9994858276075774,0.7150167464360143,-0.8970035811407886,-0.5718178751680886,0.8901203050070235,-0.43909873973896985,0.3311077023633406,0.3728194029387813,-0.19862812273623442,0.6062661826085138,-0.6028110512312546,0.35556074302755414,-0.4607350388085043,0.09036113292715549,-0.28295313866239075,-0.8185313303376165,-0.0015771569363526316,-0.10872729457412295,-0.3739709518469207,0.5035526138077351,0.297875908694358,-0.21903336665723316,0.406946266103027,-0.9011213263753116,0.6579999294172454,-0.21268953158319265,-0.4880930082312518,-0.15377080109609337,0.11783282147385281,-0.7077575632584487,0.9778869988708819,0.136876116124304,0.6529835562803669,-0.7551342141171196,-0.4165805766628511,0.25677227456866836,-0.0801138448701371,-0.0772658208616849,-0.13105429761394793,0.4821966702389813,0.5099558040954294,0.07858859040882522,0.34761780147422716
25,-0.4064291452183017,0.32295571700469505,0.0479461343119324,0.20475762522389052,-0.7693494981368565,-0.4884849146728862,0.49338891237403737,0.0013423061067472375,-0.33503794908906936,0.09786518846041797,-0.7587596791993638,0.3322324346419938,0.2461306726664757,-0.257853498101383,0.15709306946585638,0.07199163961985479,-0.48569733718379926,-0.4687368688554028,-0.8617282978217988,0.5126253290934902,0.68888310656177,0.34155717510729056,0.028554272468576836,0.44006325153723763,0.10227379097099343,0.9007478019102068,0.885026669974454,-0.8788534407910669,-0.47220905082126186,0.702507047772229,-0.9323869647803396,-0.5383660091059014,0.8766411327893163,-0.4568230721861003,0.5274799081113306,0.37303393808439494,-0.2376712211907763,0.609192287488944,-0.761678478825989,0.3480981632724168,-0.46059812292141356,0.08769109196622163,-0.25247499458890094,0.40895321050288114,-0.006130744056323713,-0.10435793509685445,0.798668194187642,0.5033761027091624,-0.38071931023087263,-0.18447477814183527,0.39349055804626565,-0.23750739266977172,0.6519304084052334,-0.20607015291102612,-0.47812787443234167,-0.15007616550958083,0.11596906146097881,-0.707626632940917,0.9943488642091537,0.7286552398596641,0.6168691779839344,-0.7374129199109536,-0.4164081454422505,0.09617271355038962,-0.06244885653825867,0.13625808258152278,-0.11172543604717615,0.48189848219464115,0.487728353615048,0.07883756526328638,0.35053750532830075
26,-0.4111225738364464,0.3311573816433377,0.7598034322028062,0.7094490885777163,-0.7696856662644079,-0.48848490295459784,0.49339059629581666,0.0013423061067472375,-0.2780152452798802,0.4258927620402566,-0.7433119675592128,0.3321715174345067,0.24280285071725335,-0.2577697298106345,0.6913069920785749,0.07226265467354578,0.5027883901108614,-0.8374376504462198,-0.8617282978217988,0.512926140870307,0.6889856968693779,0.34343854428224596,0.45386677908761675,0.4419361424923332,-0.06622547432158953,0.8312845914856191,0.8926882264533749,-0.8690605770864347,-0.6292989184949473,0.7037552708274365,-0.9324046724994652,-0.728518496212922,0.0884273230700105,-0.4138470063709691,0.3370864188152692,0.3822723664269703,-0.23765079440982098,0.609192287488944,-0.5929350385079719,0.34002661484056707,-0.4498630863068931,0.08700660295767752,-0.2524863929814084,0.37318196562960554,0.1001842086022288,-0.10435857221605968,0.7948918928195892,0.5001366968569917,-0.3807537887470369,-0.18297552116190205,0.3936739181768891,0.21777052462200408,0.6549796985491285,-0.218871418070344,-0.48793957955660755,-0.15007233692214572,-0.010113912679794307,-0.6994673019060476,0.9793080172782397,0.7260933714067569,0.6929472495301164,-0.755400773703697,-0.41651013530201747,0.09429479993323626,-0.08667095408458889,0.13626079146591946,-0.10958202961906759,0.5095620744208286,0.4893897632071749,0.07830650391429508,0.3475853923859627
27,-0.4064291452183017,0.3230018173694378,0.005423593319559657,0.20475762522389052,-0.7693494981368565,-0.4884849146728862,0.49338891237403737,0.0013423061067472375,-0.27764106194909727,0.09786518846041797,-0.758918964734784,0.3322324346419938,0.24283518528180753,-0.25776889725610325,0.15709306946585638,0.07227209584920433,-0.48569733718379926,-0.4672519546617022,-0.8617282978217988,0.5126253290934902,0.68888310656177,0.34159662224343096,-0.017578280059034584,0.44006325153723763,0.10227379097099343,0.9024084801269868,0.885026669974454,-0.8687235147923144,-0.47220905082126186,0.6931460352995205,-0.9323869647803396,-0.6837420823650098,0.8766411327893163,-0.450538428915361,0.5226775372676584,0.37303393808439494,-0.2376508219438786,0.609192287488944,-0.761678478825989,0.3480981632724168,-0.46059812292141356,0.08770199136436242,-0.25221336341266654,0.40761974619752944,-0.008637916264206943,-0.10435796801523939,0.798668194187642,0.5033730349823903,-0.38071931023087263,-0.18447477814183527,0.39349055804626565,-0.23750739266977172,0.6519304084052334,-0.20607015291102612,-0.47812787443234167,-0.15007231388997355,0.11596906146097881,-0.707626632940917,0.9943488642091537,0.7254092923300747,0.6168691779839344,-0.7374129199109536,-0.3625015105551328,0.09617271355038962,-0.06222216806644064,0.13625808258152278,-0.11172543604717615,0.4831481120619235,0.4883247493361706,0.07831188996900557,0.3504887370008215
28,-0.41688436393731043,0.6399256386681363,0.7667911876879343,0.2092761445220358,-0.7696096793815369,-0.48956124703481907,0.49339064149340783,0.012690058308968744,-0.2337431454382809,0.3078298191632298,-0.758301038450867,0.332168123581404,0.3161346937012618,-0.2541060947776691,0.6591126101616576,0.0704539809363884,0.501745875855238,-0.98894773677696,-0.8617282978217988,0.5126253290934902,0.6891370995853898,0.34023928470864523,0.4610688398662348,0.44019909786813155,-0.0825641316658697,0.9096668394179597,0.8931448181572723,-0.8571192313528052,-0.48791686417726604,0.703876939360938,-0.940886680860532,-0.7459243038223188,0.08029446589668096,-0.4553886583287977,0.33157209534516996,0.373034467325905,-0.23765079440982098,0.609192287488944,-0.762232948579439,0.34708911395469,-0.46049213638136255,0.08711242726000062,-0.2219202751122058,0.3731458977411774,0.096300856241507,-0.10433434592217512,0.7986786090927975,0.5048315139227311,-0.38080960017956816,-0.18297508032065263,0.3932690345054075,-0.23750739266977172,0.651876853334707,-0.21275153370240615,-0.4879078377465271,-0.1483726319212832,-0.011852770866856679,-0.6910384805867958,0.9604823971126347,0.7969268960426491,0.695134819525613,-0.73753008982442,-0.4005534110130967,0.095963375809455,-0.08657042234685622,0.11473687087816795,-0.1117341372188012,0.4811274447741118,0.4893620285651711,0.07858920325862283,0.3491772612991966
29,-0.4112287518553236,0.3311573816433377,0.05009325039737078,0.7094490885777163,-0.7696856662644079,-0.48848490295459784,0.49339059629581666,0.0013423061067472375,-0.27693458712250035,0.3059527081752864,-0.7432887284258864,0.3322324346419938,0.2428035801732773,-0.2577697298106345,0.7020076589830581,0.07226265467354578,0.5049688556080321,-0.8374376504462198,-0.8617282978217988,0.5126253290934902,0.6889856968693779,0.3434385666148824,0.4641569306118992,0.4419361424923332,0.10124838398002356,0.8703297402461007,0.9005592734333754,-0.8783343615178228,-0.6201178222901648,0.7037552708274365,-0.9324046724994652,-0.7031417689380883,0.10414245727038199,-0.16764665441536242,0.3312700065250477,0.37237960735730186,-0.23765079440982098,0.609192287488944,-0.7726519731625059,0.3480981632724168,-0.4498630863068931,0.08700660295767752,-0.22190255492211644,0.3744536639694612,0.1001842086022288,-0.10435865459960912,0.7940553659751528,0.5099741855883587,-0.3807537887470369,-0.18292479211066515,0.3936508964920781,-0.24486199027442462,0.6549737913942023,-0.21377418425628675,-0.48815144087414286,-0.15007233692214572,-0.011476339874392269,-0.7020468640064034,0.9793542906456403,0.7254593447773539,0.6914900023571701,-0.73753008982442,-0.36196226919733376,0.09460193350207592,-0.08667095408458889,0.13626079146591946,-0.10951116489688056,0.5095620744208286,0.5093283776475104,0.07830650391429508,0.3475853923859627
30,-0.4112287518553236,0.3311573816433377,0.006535545252317754,0.7094490885777163,-0.7696856662644079,-0.48848490295459784,0.49339059629581666,0.0013423061067472375,-0.3281734734978164,0.10520074004434267,-0.7433119675592128,0.3322324346419938,0.24280285071725335,-0.2577697298106345,0.638575116743329,0.07226265467354578,0.5435533037131106,-0.8374376504462198,-0.8617282978217988,0.512926140870307,0.6889856968693779,0.3434390171890583,0.7595461602073765,0.4419361424923332,0.10124838398002356,0.8703297402461007,0.8663896433988175,-0.8690605770864347,-0.6201178222901648,0.7037552708274365,-0.9324046724994652,-0.7031417689380883,0.08824711463268145,-0.16764665441536242,0.3311233914144406,0.38356802731160383,-0.23765079440982098,0.609192287488944,-0.7637763955075221,0.34021480952920796,-0.4498630863068931,0.08700660295767752,-0.22205331950194115,0.3744536639694612,0.1001842086022288,-0.10434113072380581,0.7940553659751528,0.5037419854525006,-0.3807537887470369,-0.18292479211066515,0.39364911383781215,0.22491134570937998,0.6549737913942023,-0.218871418070344,-0.48794887800685754,-0.15007233692214572,-0.010113912679794307,-0.7020468640064034,0.9793542906456403,0.7254593447773539,0.6920290872521655,-0.73753008982442,-0.36196226919733376,0.0959179650189108,-0.08667095408458889,0.13626079146591946,-0.10951116489688056,0.5095620744208286,0.4883220342812367,0.07830650391429508,0.3475853923859627
31,-0.416006876796761,0.3230018173694378,0.7300931157130042,0.20448101417246747,-0.7696161612076473,-0.4884849146728862,0.49338895081601664,0.00150343003159228,-0.2773451865613802,0.09786518846041797,-0.758918964734784,0.3322324346419938,0.24283518528180753,-0.25776889725610325,0.15709306946585638,0.07227209584920433,-0.48569733718379926,-0.475142280777308,-0.8617282978217988,0.5126253290934902,0.68888310656177,0.34159662224343096,-0.017578280059034584,0.44019940337876956,0.10227379097099343,0.9895769547434053,0.8935355837150606,-0.8678742135629635,-0.48810603268646274,0.7041274608192123,-0.9320499301466559,-0.6837420823650098,0.8766411327893163,-0.450538428915361,0.33326893321337747,0.37303446806269025,-0.2376508190200528,0.609192287488944,-0.7616776704140042,0.3480981632724168,-0.46059812292141356,0.08770199136436242,-0.2232929312751668,0.4064009565336485,0.09587293284407802,-0.10435796801523939,0.7986683064152774,0.5033730349823903,-0.38071931023087263,-0.18447477814183527,0.3934890885365421,-0.23750739266977172,0.6519304084052334,-0.21282787892818666,-0.4779879688304371,-0.14837425262286164,0.11596906146097881,-0.707626632940917,0.9959532810660392,0.7254092923300747,0.6161110743148852,-0.7375330766124903,-0.36124897786878624,0.09617163123831118,-0.06222216806644064,0.1365997648704789,-0.11172543604717615,0.48113264916109133,0.4883247493361706,0.07860081699470088,0.3504887370008215
32,-0.4063825055770878,0.6599191769385996,0.0396927811045739,0.3313963019302103,-0.7696895611341098,-0.4673075242377661,0.4381092722042468,-0.6063974341512567,0.9538064777763539,-0.0037612365319150964,0.028199522364051932,0.3204001852405369,0.19511807653904828,-0.23626979172482226,0.1879916488745465,0.5894604048171718,-0.455389967692193,-0.8188704699975827,-0.7980434162880814,0.5882943798147736,0.6889856968693779,0.34343903952169474,0.43823290371925694,0.442110695549767,-0.05515581638662559,0.8170533641782316,0.8969264839222677,-0.8756990923274254,-0.6201178222901648,0.7037552708274365,-0.8678769635164658,0.6335560057489109,0.04627225560804199,-0.4261899566468791,0.3314930530832545,0.38520688940206926,-0.23825720197636782,0.6094687894489287,-0.5993646446343672,0.3376117306842595,-0.44987774439982925,0.0876290337287734,0.9051093594267707,-0.6552299651998716,0.1001842086022288,-0.11008667140015128,0.5028620817160788,0.5048948843852953,-0.3875534014635219,-0.20780983891759316,0.3936439100783456,-0.21172030716140178,0.5946787771083252,-0.21377418425628675,-0.4873777090867785,-0.18361641668560835,-0.009287749775199824,-0.6882526601878166,0.9794851900304522,0.7256317024420047,0.6530807620390651,-0.805745129431489,-0.4298195626596722,0.09437475777673326,-0.08669483383580491,0.13626079146591946,-0.10949990495990639,0.48684034305683505,0.5046847950297932,0.0785834720014708,0.25733588103373695
33,-0.41098876091391706,0.6320384663311348,0.1424217999155699,0.6827055761602273,-0.7696908324975332,-0.4895742713595271,0.4933896430669703,-0.6063974341512567,-0.31016014040242784,0.09768888665795682,-0.7580171089425831,0.24980326924581409,-0.8880651272223777,-0.1055005116573885,0.6995945744611635,0.09064879739163337,0.4882148850946588,-0.858989784808764,-0.8289709469613151,0.5465317298585629,0.6922306397555913,0.34038053787469785,0.06898606189966644,0.44006813764764746,-0.085071386307703,0.8671864619362947,0.8848531620602474,-0.87923579839273,-0.4800275744765017,0.7143860442950846,-0.9415881040802379,-0.5247542163433807,0.07197731853566335,-0.45222681831518025,0.3311077023633406,0.3836817111413796,-0.2645553971576206,0.3745777665422395,-0.7604552238830644,0.34707938956297835,-0.449957410457713,0.08695496765023462,-0.25318345827763244,0.4371122349012837,-0.005633836138488667,-0.10420202914095177,-0.45949437838012974,0.5045256926893178,-0.35120496565318116,-0.18989606469320286,0.4162268576553088,0.2874489914715612,0.6549738262854203,-0.21268953158319265,-0.4852774329064679,-0.14839335107681711,-0.03386368236109387,-0.704599261067405,0.9783004544791526,0.7418937359168774,0.6528778421584471,-0.7700101126578199,-0.41845742276291287,0.0942400107392927,-0.08626595148056262,-0.06978142632041033,-0.10825414874459266,0.48218960090263757,0.5143024910202301,0.0829920062779701,0.34755219778674107
34,-0.4112287518553236,0.3311573816433377,0.05009325039737078,0.7094490885777163,-0.7696856662644079,-0.48848490295459784,0.49339059629581666,0.0013423061067472375,-0.27693458712250035,0.3059527081752864,-0.7432887284258864,0.3322324346419938,0.2428035801732773,-0.2577697298106345,0.7020076589830581,0.07226265467354578,0.5049688556080321,-0.8374376504462198,-0.8617282978217988,0.5126253290934902,0.6889856968693779,0.3938514391087817,0.4641569306118992,0.4419361424923332,0.10124838398002356,0.8703297402461007,0.9840121623212712,-0.8783343615178228,-0.6201178222901648,0.7037552708274365,-0.9324046724994652,-0.7031417689380883,0.10414245727038199,-0.16764665441536242,0.3312700065250477,0.37237960735730186,-0.23765079440982098,0.609192287488944,-0.7726519731625059,0.3480981632724168,-0.4498630863068931,0.08700660295767752,-0.22190255492211644,0.3744536639694612,0.1001842086022288,-0.10435865459960912,0.7940553659751528,0.5099741855883587,-0.3807537887470369,-0.18292479211066515,0.3936508964920781,-0.24486199027442462,0.6549737913942023,-0.21377418425628675,-0.48815144087414286,-0.15007233692214572,-0.011476339874392269,-0.7020468640064034,0.9793542906456403,0.7254593447773539,0.6914900023571701,-0.73753008982442,-0.36196226919733376,0.09460193350207592,-0.08667095408458889,0.13626079146591946,-0.10951116489688056,0.5095620744208286,0.5093283776475104,0.07830650391429508,0.3475853923859627
35,-0.40642899931998294,0.6599191769385996,0.7978510776473533,0.7094490885777163,-0.7691665473645265,-0.48848470009954537,0.47840352319504054,-0.6016554582081173,-0.32709281534043655,0.30701978184854417,-0.7432887284258864,0.46286072750324486,0.2428035801732773,-0.236049217253472,0.48153938330547164,0.07226265467354578,-0.48027930110492983,-0.8374376504462198,0.6630740588503496,-0.3254016409605146,0.6889856968693779,0.343362280049794,0.4317489845235107,0.442110695549767,0.10034284358804593,0.8685970884360864,0.8707063163603712,-0.8783343615178228,-0.7979825134741416,0.7038284981099822,-0.9324046724994652,0.6271607081281318,0.1113040750938079,-0.4091427122868205,0.3311077023633406,0.3819688719040563,-0.23765079440982098,0.609192287488944,-0.7555937734436233,0.3480981632724168,-0.4498610845034126,0.08765160878817252,-0.2990285115750137,0.37478297804810196,0.1001842086022288,-0.10417001642807878,-0.3344341136621484,0.4956314061573825,-0.3807537887470369,-0.18442135071728033,0.3931085346738112,0.2577933255982172,0.6550513011180144,-0.21377418425628675,-0.4881517357039795,-0.1540336381003227,-0.011194438831642263,-0.9554788361929805,0.9942729698581825,0.7256317024420047,0.6530828729565612,-0.7380739463137584,-0.40144606090352875,0.0943676481338715,-0.08667095408458889,0.13626079146591946,-0.10944984311323418,0.5088266045028096,0.5093283776475104,0.07654570896766608,0.35067899734686564
36,-0.3941515510866375,0.33844459507418856,0.028468334468864053,0.6816049230232238,-0.7722836709977012,-0.15792543384211646,0.44229094090684107,-0.6063871149151073,0.937467116600099,-0.11044079481488508,-0.005108376967389416,0.32093526030136255,0.4119503720547608,-0.1696354056422187,0.48058090567478795,0.04064999352082216,-0.429410660422314,0.179038491282079,0.5904626790181774,0.5469428429902057,0.6925203579704944,0.3686560446806164,0.5144228557238222,0.4383537259071386,-0.07706321791144453,0.8743548296192384,0.8692625544881614,-0.6946862924463667,0.938699878165383,0.6998706421217525,0.8850033010860037,0.8146079262030341,0.1833172285692798,-0.17414301628373186,0.318980786257524,0.428994934469926,-0.23701815503195228,0.6081053760966868,-0.5722557298506401,0.3471651315646689,0.7434382356136459,0.12230077347784556,0.9999930060801849,-0.8300516384269373,-0.0020729804537142392,0.07992425786861093,0.7259707750988823,0.5173273843436648,0.30037012281495995,-0.14480165847664386,0.42331532636556163,0.3018330292324415,0.5751269607599644,0.15497723852601963,-0.41012423717147617,-0.15815877413428134,-0.006242119594617268,-0.9359746082178279,0.9792358108188025,0.1363388090981043,0.6637429451720462,-0.7287865943000664,-0.41597175139218445,-0.300798649800664,-0.08028204328660353,-0.06717563067274954,-0.1308439183509615,0.4907902213191566,0.5027870688326289,0.07864073782193232,0.20987907415857954
37,-0.41279904155977165,0.6285850053850186,0.7882631189117248,0.68067688256458,-0.13494584608689442,-0.4883814294230542,0.49247705126278374,-0.6063974341512567,-0.33459113379049277,0.0978697784223663,-0.7585261286960334,0.32345532176662295,0.28580723117304996,-0.2379703963029117,0.6807964336364631,0.0722631321025226,0.5133304541949575,-0.5262977455656035,0.6464582907732876,0.5430972727310523,0.6889469013052604,0.3417756813645544,0.4495060172694704,0.4421177562514137,-0.04468089561477056,0.8703106736539109,0.8205888900358971,-0.8759184973232407,-0.6233631923678222,0.7150167464360143,-0.17012585474304537,-0.5881710538757566,0.088844307495754,-0.413345021880988,0.3311077024127393,0.3728194029387813,-0.2409069946971907,0.3690702995677549,-0.7742002511597386,0.35556074302755414,-0.44995517810409064,0.09036113292715549,-0.2205134572030051,0.44171323450291633,-0.00344484701622267,-0.10872729456637491,-0.3739709518469207,0.5037399741669315,0.28966931724008615,-0.22218155181939675,0.4070091866968619,0.21825143744250192,0.6579999294172454,-0.21274425306347144,-0.4879442880282266,-0.15047137008801,-0.039872578173097147,-0.827469142795864,0.9778929576238747,0.774665444923498,0.6529835562803669,-0.7551342141171196,-0.41210176512029917,0.09447015859438562,-0.08647137460908391,-0.07689910677888875,-0.10944534098105596,0.5106558270085501,0.5150421526246802,0.07858859040882522,0.34769003064011605
38,-0.3866346139307264,0.6254341634163991,0.024235804203395835,0.7208113934407218,-0.08774377986172499,-0.488607084178537,0.493429109134208,-0.6063974341512567,0.8408754651233342,-0.12048128897298285,-0.7634271806829285,0.46283676689378067,-0.8598655433694888,-0.10668561445594771,0.5388549779626504,0.0716160947543619,-0.42735899664477356,0.2094577469264941,-0.8373656999020973,0.5406322354041275,0.692620049922769,0.3699687465101305,0.07728851389309507,0.4411341427931223,0.0818652196164355,0.8118474346663802,0.8928148674262917,-0.8682099202954014,-0.49179285338661977,0.7149715598609042,-0.1669048861818832,-0.6946033565007296,0.1454227180138441,-0.43704715308109643,0.3200341941465985,0.3832614685009074,-0.23710026311619387,0.38064536804196814,-0.5758246213883367,0.3470755092531326,-0.46072824005044133,0.08853585522329713,-0.24839027458762974,0.43872396893058385,-0.002211661223017378,-0.16901290811605552,-0.3700573308170089,0.7235638434284117,0.17661760895471545,-0.19087264674279672,0.4162256855265046,0.28763158951235435,0.6549725017890025,-0.22391923494060628,-0.48880384478674715,-0.15628707169523992,0.12037246149684305,-0.6912132222367381,0.9770754798683062,0.7165598230986887,0.6544347171619962,-0.7296872526145222,-0.4177489395088296,0.09435963599037872,-0.06804664472872507,-0.09126412898616816,-0.13071106990810696,0.5095525655686466,0.5136703131624386,0.0786598813007237,0.22092561495310836
39,0.5609253227169315,0.339534878855256,0.028429670081143346,0.6817265028032399,-0.7680712610178088,-0.4885343441790474,0.49245671058001284,-0.6063974341512567,0.7225006925986811,0.3120082873751292,-0.4986889226930076,0.3320442776906907,-0.8850273547660394,-0.2577894524507169,0.15694380785249493,0.07158361280523667,-0.18479311765454381,0.17535363606909915,-0.16698847515116547,0.5467492971537805,0.6930193918823646,0.3433129780957286,0.011449170765042205,0.4411341427931223,0.10117930894487359,0.8714481541773249,0.8969959144564744,-0.8785491454206351,-0.49179285338661977,0.7032859472360609,-0.9152144905122744,-0.6905314114002561,0.02840674116282462,-0.17319781321680577,0.3313841402667748,0.38323925585270385,-0.26441006521734906,0.6081190839088599,-0.5713842743058951,0.34833550966816795,-0.4493916739315769,0.14217743723433793,-0.25302121521303916,0.34804005955270295,-0.01763985393134728,0.07754244849245376,0.3579633562477611,0.7080504794342758,0.178332923852284,-0.2094077168688774,0.4224635987017043,-0.21080079603816687,0.6054717867038689,-0.21375545221490172,-0.4880930082312518,-0.15697301068339456,0.23586682497633724,-0.7109013418229381,0.978293853056813,0.7327095371548948,0.40015740085780727,-0.7288657936605542,-0.4177783925606255,0.09436432864454038,-0.06705671797885003,-0.06712671321848887,-0.10807333918862984,0.5101816823454097,0.5091391620506669,0.0832696620252131,0.21458881003415992
40,-0.4064291452183017,0.32295571700469505,0.0479461343119324,0.20475762522389052,-0.7693494981368565,-0.4884849146728862,0.49338891237403737,0.0013423061067472375,-0.33503794908906936,0.09786518846041797,-0.7587596791993638,0.3322324346419938,0.2461306726664757,-0.257853498101383,0.15709306946585638,0.07199163961985479,-0.48569733718379926,-0.4687368688554028,-0.8617282978217988,0.5126253290934902,0.68888310656177,0.34155717510729056,0.028554272468576836,0.44006325153723763,0.10227379097099343,0.9007478019102068,0.885026669974454,-0.8788534407910669,-0.47220905082126186,0.6017867142930613,-0.9323869647803396,-0.5383660091059014,0.8766411327893163,-0.4568230721861003,0.5274799081113306,0.37303393808439494,-0.2376712211907763,0.609192287488944,-0.761678478825989,0.3480981632724168,-0.46059812292141356,0.08769109196622163,-0.2928804459611148,0.40895321050288114,-0.006130744056323713,-0.10435793509685445,0.798668194187642,0.5033761027091624,-0.38071931023087263,-0.18447477814183527,0.39349055804626565,-0.23750739266977172,0.6519304084052334,-0.20607015291102612,-0.47812787443234167,-0.15007616550958083,0.11596906146097881,-0.707626632940917,0.9943488642091537,0.7286552398596641,0.6168691779839344,-0.7374129199109536,-0.4164081454422505,0.09617271355038962,-0.06244885653825867,0.13625808258152278,-0.11172543604717615,0.48189848219464115,0.487728353615048,0.07883756526328638,0.35053750532830075
41,-0.41120018333101443,0.6399256386681363,0.04211652489994022,0.13532195884905837,-0.7693430163107462,-0.4882735893700463,0.4933890909114881,-0.014830253807744524,-0.23403902082599803,0.30778073997105293,-0.9673395638308756,0.3321646925310974,-0.8783175384030841,-0.2541060947776691,0.6591126101616576,0.0704539809363884,0.5010672931107994,-0.8332382275251324,0.7130464488889228,0.5126253290934902,0.6889499690503946,0.34023928470864523,0.5275958715929848,0.4418703942896179,-0.0825641316658697,0.9096668394179597,0.8848838641119076,-0.8579685325821561,-0.4720198823120652,0.7034623075239395,-0.9433842952706357,-0.7459243038223188,0.08056396617484653,-0.16252738900100508,0.3367457547664935,0.3730200252992523,-0.23765079740131484,0.609192287488944,-0.7624197001969919,0.34708911395469,-0.46049213638136255,0.08700856196699491,-0.2508704746130781,0.3744516831334445,-0.008209992866777975,-0.10455956025784727,0.7993770076213751,0.5050075412620505,-0.37993429625538444,-0.1831049306110243,0.39327456762645036,-0.23750739266977172,0.6517222117283455,-0.2059938076852456,-0.48872403772525247,-0.15390967066688346,-0.011850912768549287,-0.702082783069083,0.9588334544504785,0.7969268960426491,0.695892923194662,-0.7374099331228832,-0.36132783495983123,0.09592805576080687,-0.08622398146552963,0.13791065877633493,-0.13123127669810383,0.48314290767494394,0.5104507673555443,0.0782825471206974,0.3476557124746064
42,-0.40642899931998294,0.6599191769385996,0.8360278826346509,0.7094490885777163,-0.7695547030143135,-0.48848490295459784,0.5444911174471989,-0.6208492655162674,-0.32709281534043655,0.3059527081752864,-0.7432887284258864,0.46286072750324486,0.2428035801732773,-0.236049217253472,0.48153938330547164,0.07226265467354578,-0.47135649580926575,-0.8374376504462198,0.6424453337913342,-0.3254016409605146,0.6889856968693779,0.3416794747784529,0.43821036966261945,0.442110695549767,-0.05237574195232818,0.8685970884360864,0.8818595864420788,-0.8783343615178228,-0.8015048127066415,0.7037552708274365,-0.9324046724994652,0.6271607081281318,0.1113040750938079,-0.4091427122868205,0.3311077023633406,0.38200210424631226,-0.23765079440982098,0.609192287488944,-0.7555937734436233,0.3480981632724168,-0.4498630863068931,0.08765160878817252,-0.25302121521303916,0.4109530737823123,0.1001842086022288,-0.09841230400848872,-0.3745710846002765,0.5099741855883587,-0.3807537887470369,-0.18442135071728033,0.3915849648744806,0.27871697336932666,0.6549737913942023,-0.21377418425628675,-0.4881517357039795,-0.15377080109609337,-0.011194438831642263,-0.7020468640064034,0.9942729698581825,0.7256317024420047,0.6530828729565612,-0.7855297025458183,-0.3615921692085466,0.0943676481338715,-0.08667095408458889,0.13626079146591946,-0.10944984311323418,0.48694250670066913,0.5093283776475104,0.021481693747570543,0.3506543715877034
43,-0.4638230191047976,0.33104063398105343,0.8875258151226952,0.8515506899737391,-0.7697560601835439,-0.48848490295459784,0.4933946434241989,0.0013423061067472375,0.6335764486451683,0.32369871658378957,-0.7432612192379205,0.31601042328082624,0.24145482987132683,-0.2577697298106345,0.6354163265277171,0.0754635421031459,0.5443752465697803,-0.8373423909033619,0.6457351019220436,0.5477293269424018,0.6928210575129717,0.33995591050991386,0.776812946104432,0.5385709942166901,0.10124838398002356,0.8674592047893117,0.8704813379988988,-0.8783345317735953,-0.6201178222901648,0.705534025984263,-0.8428037990070889,-0.5440181242494717,-0.11554735577100905,-0.16764665441536242,0.3312867023123195,0.3830732776826591,-0.23765079440982098,0.609192287488944,-0.608769063661728,0.34808502145420744,-0.4498630863068931,0.08708573720829181,-0.22191187264021983,0.4099137565437749,0.10106432175288294,-0.10434121310735527,0.81122423070983,0.4994622402571822,-0.4068549759530762,-0.18277753729808002,0.4159472464935613,-0.2470987826252714,0.6549737913942023,-0.21377418425628675,-0.48815144087414286,-0.15595427038368898,0.004539767460893483,-0.7073995788213087,0.9788787715067918,0.1230306471697688,-0.19958672826966428,-0.73753008982442,-0.4167933271126652,0.09592809204550042,-0.08667095408458889,0.1360671289473648,-0.10951116489688056,0.4938826649368542,0.5093537648557921,0.07830650391429508,0.3468337985517089
44,-0.37600798397020163,0.62910424976863,0.08541540905383954,0.6812583510653841,-0.7699125907006138,-0.48642914003532484,0.49245671058001284,-0.6083755861502954,-0.31865242770641555,-0.10251173276090758,-0.7601787267910551,0.4604025462293236,-0.8575692665528709,-0.23616148148725624,0.6133900059360925,0.06991409881962136,0.6659882380272365,-0.4756712788363434,0.8132021972004415,0.5429736376627903,0.6841217335690634,0.3438974471738399,0.06124086414353633,0.44009620951824,-0.047955214251093226,0.811867458319087,0.8682948189506584,-0.8793262416297742,-0.4848441783908398,0.7143175411541771,-0.09037015914142343,-0.5005525472026261,0.07350895786290554,-0.46434123966289476,0.3314085971893731,0.38515352778959694,-0.2655393108752001,0.3748435664274198,-0.577742210353377,0.3469264817440328,-0.4448602089717391,0.14363559695404324,-0.25302121521303916,0.4357600920444307,-0.021154589279318486,0.046959981096652524,-0.3734257178236452,0.7068105514926893,0.23170290236658864,-0.21986087518224798,0.42256318639040136,0.2699950329466963,0.6549724971545604,-0.22163981278119987,-0.48810711044295707,-0.14981032287756346,0.11531607279549648,-0.7052738847777911,0.9782929979829021,0.7327095371548948,0.4015339532422495,-0.7292143076563954,-0.4133324231722617,0.09436560679601258,-0.06111510234452382,-0.08350431786805584,-0.10806618455737015,0.5380062125034507,0.5137676874808419,0.07884446947379754,0.21900590835436556
45,-0.4064315667514353,0.6599191769385996,0.0396927811045739,0.3313963019302103,-0.7696895611341098,-0.4673075242377661,0.4381092722042468,-0.6063974341512567,0.9538064777763539,-0.0037612365319150964,0.028199522364051932,0.3202290339113087,0.19511807653904828,-0.23626979172482226,0.19152184103914346,0.634712684145527,-0.4547128774787805,-0.8188704699975827,-0.7637878677144876,0.5954457089970202,0.6888696623590754,0.34339915844161756,0.43823290371925694,0.44253591165365297,-0.05515581638662559,0.8170756128941421,0.8970017132347464,-0.8756990923274254,-0.6201178222901648,0.7037628265682244,-0.8921271296414035,0.6338500887200048,0.04627225560804199,-0.4261899566468791,0.33149677291708457,0.3852021713239,-0.23583111609465218,0.6094687894489287,-0.6039147854571183,0.3376117306842595,-0.44987774439982925,0.08762914252387002,0.9051093594267707,-0.6028835459135947,0.1001842086022288,-0.0980765792173317,0.4415246747864166,0.5048948843852953,-0.3875534014635219,-0.20780983891759316,0.3936439100783456,-0.21172030716140178,0.654958579120822,-0.21377418425628675,-0.4873777090867785,-0.1836768890735944,-0.009287749775199824,-0.6882526601878166,0.9844564811439636,0.722666064089517,0.6530807620390651,-0.785395138703544,-0.42658901041703157,0.09439124953441279,-0.08667028560879064,0.13626079146591946,-0.10949990495990639,0.48684034305683505,0.5050222275580203,0.0726151497198915,0.25733588103373695
46,-0.4064291452183017,0.6569287430731736,0.04790529193401548,0.20475762522389052,-0.7693494981368565,-0.48846283567089954,0.49338890870060303,0.0013423061067472375,-0.3300171417227648,0.09435173846726023,-0.7587596791993638,0.3322324346419938,0.3155675035400557,-0.257853498101383,0.15709306946585638,0.07199163961985479,-0.48569733718379926,-0.47044717789662777,-0.8617282978217988,0.5126253290934902,0.68888310656177,0.3415281314543001,0.033964836945602234,0.44006325153723763,0.1067508566259912,0.9007478019102068,0.8846214504789306,-0.9588894473310539,-0.4720212026493239,0.6932429874415892,-0.9323869647803396,-0.5383660091059014,0.8766411327893163,-0.4568230721861003,0.5274799081113306,0.37303393808439494,-0.2376712211907763,0.609192287488944,-0.7616743174714449,0.3480981632724168,-0.46048550244700726,0.08769109196622163,-0.2928804459611148,0.40895321050288114,-0.006130744056323713,-0.10433376326513442,0.7986674330345456,0.5033894150927064,-0.3808101249338368,-0.18447477814183527,0.3934919268728435,-0.23750739266977172,0.651880157155639,-0.20606614689277836,-0.47817180520390423,-0.15007061922083134,0.11596906146097881,-0.6910757564777863,0.9943488642091537,0.7286552398596641,0.6139805252836538,-0.7374129199109536,-0.4164081454422505,0.09617231800246889,-0.08334470722827585,0.13625808258152278,-0.11172543604717615,0.48189344986037713,0.487728353615048,0.07883756526328638,0.3492184549885577
47,-0.40642823076902357,0.32295571700469505,0.04804570464068095,0.20922714883845758,-0.7701860578332199,-0.4884846888507459,0.4933908679750227,0.0013423061067472375,-0.33503794908906936,0.32478805075267075,-0.7587596791993638,0.3322329072803778,0.2461306726664757,-0.257853498101383,0.15709306946585638,0.07199163961985479,-0.48569733718379926,-0.44692482798583877,-0.8617282978217988,0.5126253290934902,0.68888310656177,0.34155717510729056,0.49388172977517875,0.44006325153723763,0.1086244618100559,0.9002728627425813,0.8931169851907224,-0.8549874384358163,-0.46935780891746265,0.7025257005390803,-0.932386760990499,-0.7490957448037552,0.8766411327893163,-0.4171186547166015,0.5124691260333801,0.37303393808439494,-0.2376712211907763,0.609192287488944,-0.761678478825989,0.3480981632724168,-0.4498244602547304,0.08712179759842827,-0.25187243272902893,0.3729604446109408,-0.011084708013627292,-0.10435793509685445,0.7986669940476427,0.4954154939817375,-0.3807187029640156,-0.18447477814183527,0.39316151402333005,-0.23750739266977172,0.6519304084052334,-0.20633552436953545,-0.48765369016676624,-0.15007250966836944,0.11596906146097881,-0.707626632940917,0.9943488642091537,0.7974294896775205,0.6915115525703082,-0.7374140761674399,-0.41609293309448264,0.09617271355038962,-0.08674003635312048,0.13625451335789346,-0.11172543604717615,0.4817767844363134,0.487728353615048,0.07883756526328638,0.34728904667701405
48,-0.4064303860534387,0.6562761454418838,0.832130470226143,0.7094490885777163,-0.7697814676714575,-0.4884757330912947,0.4940497092129474,-0.6070395395424324,-0.32709281534043655,0.013761969631769538,-0.7432887284258864,0.31664949838200307,-0.7332511881177532,-0.23552558615709307,0.4854878886061248,0.22775961424553243,-0.44565052732612603,-0.8215901775392229,0.6426334300950644,-0.2571485962125443,0.6927927165417189,0.3416663800868583,0.4578395394083201,0.39049156183465444,-0.04890570013232863,0.8163253629200209,0.8670676522571241,-0.8783038524015603,-0.4827478500779173,0.703996085894254,-0.06981819517017712,-0.535176840679179,0.9247083599753636,-0.4389495604920794,0.3311077023633406,0.37073007909512457,-0.1682395115830332,0.6092062304226518,-0.6154640399158773,0.3480890391841128,-0.4498630863068931,0.08767165764619196,-0.25302121521303916,0.4097953344696749,-0.0015018287536217381,-0.09837273225013493,-0.6405014002296341,0.5097132801902139,-0.3807512729126762,-0.18349240075671147,0.415563874334354,0.2779190713138986,0.6549738272803635,-0.2148736790826712,-0.4856299380284934,-0.1484717707915219,-0.012252267526978871,-0.7020468640064034,0.9939556404892931,0.7415086181248373,0.6530828729565612,-0.7855369954552727,-0.4184365978163128,0.09439154019244933,-0.08585353044547035,0.13626079146591946,-0.10944984311323418,0.48683222136537807,0.5096817110146662,0.07273779530629478,0.3509099726181721
49,-0.4064425501192526,0.3311573816433377,0.043110887419454194,0.22990496314077613,-0.759458639065114,-0.48828885192875265,0.49338891267330726,-0.03895756716049564,0.8035400804408931,0.30711684767053643,-0.7611821222675598,0.30780934250916425,0.2651970506564923,-0.257853498101383,0.1520180581602412,0.20759729060445076,0.5464907640650297,-0.8379580447850701,0.6775115998046131,0.5128328123961101,0.6888819958852975,0.34339929634912214,0.7461151370941339,0.6724670417508687,0.10227379097099343,0.8169807735317345,0.8936555125037231,-0.8571192313528052,0.8456455513224593,0.7096342630698594,-0.9253386205819232,-0.5841623428397177,0.08904093533862095,-0.47892966609377674,-0.10667965228642062,0.373162645998699,-0.23765079440982098,0.6091176237501582,-0.8590322258080826,0.3480981632724168,-0.44986098645320455,0.08715901127318428,-0.22259884885200196,0.3744536639694612,0.09652834309752252,-0.10433434592217512,0.7725790752137015,0.49542446871342083,-0.3807537887470369,-0.18297096762612802,0.39316232193047507,-0.21347240915358412,0.6477621543733696,-0.21908621053572858,-0.4879078377465271,-0.15007233692214572,-0.011932057603184632,-0.8762027056809041,0.9793625841098386,0.7996392205575913,0.6168691779839344,-0.7288761038619663,-0.4005534110130967,0.09596359564020729,-0.08401716636536308,0.13670551407315462,-0.1117341372188012,0.509380261721047,0.4883010223311576,0.07820667057917674,0.34750203649846784
50,-0.4112340043186767,0.3311573816433377,0.8875258151226952,0.8515506899737391,-0.7696856662644079,-0.48848490295459784,0.4933946434241989,0.0013423061067472375,0.9427326766108968,0.3331406344115749,-0.742474155284388,0.3322324346419938,0.2427926666363792,-0.2577697298106345,0.6385756824151161,0.07226265467354578,0.5443351956163003,-0.8374442123827988,0.7727628212108254,0.5478239550412191,0.6928210575129717,0.3433548925310445,0.776812946104432,0.5339183310333004,0.10124838398002356,0.8668730927933876,0.8704813379988988,-0.869768811843582,-0.6201178222901648,0.7054971030781695,-0.9324046724994652,-0.703256282172548,-0.032253944246410406,-0.16764665441536242,0.3311246546490798,0.3830732776826591,-0.23765079440982098,0.609192287488944,-0.7637680921178712,0.34808502145420744,-0.4498630863068931,0.08700808978266471,-0.22205805513161092,0.37435466704478854,0.10106432175288294,-0.10434121310735527,0.8105998250541266,0.4994622402571822,-0.4068549759530762,-0.18291365644679383,0.3933132231396387,-0.2377211691873297,0.6549737913942023,-0.21377418425628675,-0.4879525569850468,-0.15609631569418012,-0.010036869428595921,-0.7074207089402931,0.9788796116052441,0.14001526087550675,-0.15994846174322622,-0.73753008982442,-0.4163826327395295,0.09592809204550042,-0.08667095408458889,0.15661555342199726,-0.10951116489688056,0.4946081215893636,0.5093283776475104,0.07830650391429508,0.3475883083759485
51,-0.4114975070068757,0.32287772225541245,0.04912373873966107,0.20475762522389052,-0.7693494981368565,-0.4884849151481126,0.4933905408672092,0.0013423061067472375,-0.3351533435090057,0.09786518846041797,-0.7432011444857993,0.3322324346419938,0.24282332794739567,-0.257853498101383,0.1601862504711566,0.07199163961985479,0.515172106056156,-0.4687368688554028,-0.8617282978217988,0.5126253290934902,0.688988028439497,0.34155717510729056,0.028554272468576836,0.44006325153723763,0.10121518126309388,0.9012837358512602,0.8837165382097615,-0.8791623280571191,-0.47220905082126186,0.702507047772229,-0.9323869647803396,-0.5383660091059014,0.09783519768444382,-0.46591837525637003,0.5274799081113306,0.37303393808439494,-0.23765012833987595,0.609192287488944,-0.7620415562161112,0.34732285259482715,-0.4602310952996722,0.08769109196622163,-0.25247499458890094,0.40895321050288114,-0.005926794714438972,-0.10435855923833408,0.7944318242306879,0.5034004755815025,-0.38071931023087263,-0.18447477814183527,0.39349055804626565,-0.24782861944912238,0.6519304084052334,-0.2187373447136773,-0.47812787443234167,-0.15007619030096855,0.11596906146097881,-0.7020186348800662,0.9789694340567893,0.7252493974210416,0.6951952793538517,-0.7374129199109536,-0.4164081454422505,0.09616521082340738,-0.06244885653825867,0.1362607156040731,-0.10961516327010476,0.48189848219464115,0.4876790639634258,0.07829767259056221,0.35053750532830075
